﻿[
    {
        "title": "魏国",
        "children": [
            {
                "title": "洛阳",
                "children": [
                    {
                        "title": "嘉陵关"
                    },
                    {
                        "title": "铜陵关"
                    }
                ]
            },
            {
                "title": "许昌",
                "children": [
                    {
                        "title": "南阳"
                    },
                    {
                        "title": "新野"
                    }
                ]
            },
            {
                "title": "街亭",
                "children": [
                    {
                        "title": "孟津关"
                    },
                    {
                        "title": "函谷关"
                    }
                ]
            }
        ]
    },
    {
        "title": "蜀国",
        "children": [
            {
                "title": "成都",
                "children": [
                    {
                        "title": "都江堰"
                    },
                    {
                        "title": "北岭"
                    }
                ]
            },
            {
                "title": "建宁",
                "children": [
                    {
                        "title": "无量山"
                    },
                    {
                        "title": "峨眉山"
                    }
                ]
            },
            {
                "title": "秦岭",
                "children": [
                    {
                        "title": "剑门关"
                    },
                    {
                        "title": "雁门关"
                    }
                ]
            }
        ]
    },
    {
        "title": "吴国",
        "children": [
            {
                "title": "建业",
                "children": [
                    {
                        "title": "宜山"
                    },
                    {
                        "title": "会稽"
                    }
                ]
            },
            {
                "title": "衡阳",
                "children": [
                    {
                        "title": "长沙"
                    },
                    {
                        "title": "武陵"
                    }
                ]
            },
            {
                "title": "武昌",
                "children": [
                    {
                        "title": "公安"
                    },
                    {
                        "title": "夷陵"
                    }
                ]
            }
        ]
    }
]